
INSERT INTO CharacterExpDef (Level, ExpRequired) OVERRIDING SYSTEM VALUE VALUES
(1, 0),
(2, 1000),
(3, 2500),
(4, 5000),
(5, 9500),
(6, 17100),
(7, 29925),
(8, 51471),
(9, 87500),
(10, 140001),
(11, 212801),
(12, 306434),
(13, 416750),
(14, 537608),
(15, 672010),
(16, 833293),
(17, 1024950),
(18, 1250439),
(19, 1515533),
(20, 1824702),
(21, 2182343),
(22, 2592624),
(23, 3059296),
(24, 3591614),
(25, 4195005),
(26, 4874596),
(27, 5635033),
(28, 6480288),
(29, 7413449),
(30, 8443919),
(31, 9575404),
(32, 10820207),
(33, 12194373),
(34, 13706475),
(35, 15378665),
(36, 17224105),
(37, 19273774),
(38, 21548079),
(39, 24069204),
(40, 26861232),
(41, 29950274),
(42, 33364605),
(43, 37134805),
(44, 41293904),
(45, 45836233),
(46, 50878219),
(47, 56474823),
(48, 62687054),
(49, 69582630),
(50, 77236719),
(51, 85809995),
(52, 95334904),
(53, 105917079),
(54, 117673875),
(55, 130735675),
(56, 145312702),
(57, 161515069),
(58, 179523999),
(59, 199540925),
(60, 221789738),
(61, 246630189),
(62, 274252770),
(63, 304969080),
(64, 339125617),
(65, 377107687),
(66, 419532302),
(67, 466729685),
(68, 519236775),
(69, 577650912),
(70, 642636640),
(71, 715254581),
(72, 796078348),
(73, 886035202),
(74, 986157179),
(75, 1097592941),
(76, 1222169740),
(77, 1360886005),
(78, 1515346567),
(79, 1687338402),
(80, 1878851311),
(81, 2104313468),
(82, 2356831084),
(83, 2639650815),
(84, 2956408912),
(85, 3311177982),
(86, 3708519340),
(87, 4153541661),
(88, 4651966660),
(89, 5210202659),
(90, 6252243191),
(91, 7502691829),
(92, 9003230195),
(93, 10803876234),
(94, 12964651481),
(95, 15557581778),
(96, 18669098134),
(97, 22402917760),
(98, 26883501313),
(99, 32260201575),
(100, 38712241890),
(101, 46454690268),
(102, 55745628322),
(103, 66894753987),
(104, 80273704784),
(105, 96328445741),
(106, 115594134890),
(107, 138712961868),
(108, 166455554241),
(109, 199746665090),
(110, 239695000000),
(111, 287635000000),
(112, 345162000000),
(113, 414194000000),
(114, 497033000000),
(115, 596457000000),
(116, 715728000000),
(117, 858874000000),
(118, 1030644000000),
(119, 1236778000000),
(120, 1484134000000),
(121, 1706754000000),
(122, 1962767000000),
(123, 2257182000000),
(124, 2595760000000),
(125, 2985124000000),
(126, 3432893000000),
(127, 3947827000000),
(128, 4540001000000),
(129, 5221001000000),
(130, 5899731000000),
(131, 6666696000000),
(132, 7533367000000),
(133, 8512701000000),
(134, 9619356000000),
(135, 10869872000000),
(136, 12282956000000),
(137, 13879740000000),
(138, 15684107000000),
(139, 17723040000000),
(140, 19672575000000),
(141, 21836558000000),
(142, 24238580000000),
(143, 26904824000000),
(144, 29864354000000),
(145, 33149433000000),
(146, 36795871000000),
(147, 40843417000000),
(148, 45336193000000),
(149, 50323174000000),
(150, 55858723000000);

INSERT INTO CharacterInfo (ID, AccountName, Name, OldHead, Level, Experience, Gold, JobCode, ClanID, ClanPermission, ClanLeaveDate, LastSeenDate, BlessCastleScore, FSP, LastStage, IsOnline, Seasonal, GMLevel, Banned, Title, DialogSkin, LevelUpDate) OVERRIDING SYSTEM VALUE VALUES
(1, 'test_fs_20', 'test_fs_20', '', 20, 0, 0, 1, 0, 0, 0, CAST('2022-09-24T18:42:03.907' AS timestamp without time zone), 0, 0, 0, 0, 0, 0, 0, 0, 0, NULL),
(2, 'test_fs_40', 'test_fs_40', '', 40, 0, 0, 1, 0, 0, 0, CAST('2022-09-24T18:42:03.910' AS timestamp without time zone), 0, 0, 0, 0, 0, 0, 0, 0, 0, NULL),
(3, 'test_fs_60', 'test_fs_60', '', 60, 0, 0, 1, 0, 0, 0, CAST('2022-09-24T18:42:03.910' AS timestamp without time zone), 0, 0, 0, 0, 0, 0, 0, 0, 0, NULL),
(4, 'test_fs_80', 'test_fs_80', '', 80, 0, 0, 1, 0, 0, 0, CAST('2022-09-24T18:42:03.910' AS timestamp without time zone), 0, 0, 0, 0, 0, 0, 0, 0, 0, NULL),
(5, 'test_fs_90', 'test_fs_90', '', 90, 0, 0, 1, 0, 0, 0, CAST('2022-09-24T18:42:03.910' AS timestamp without time zone), 0, 0, 0, 0, 0, 0, 0, 0, 0, NULL),
(6, 'test_fs_100', 'test_fs_100', '', 100, 0, 0, 1, 0, 0, 0, CAST('2022-09-24T18:42:03.910' AS timestamp without time zone), 0, 0, 0, 0, 0, 0, 0, 0, 0, NULL),
(7, 'test_fs_108', 'test_fs_108', '', 108, 0, 0, 1, 0, 0, 0, CAST('2022-09-24T18:42:03.910' AS timestamp without time zone), 0, 0, 0, 0, 0, 0, 0, 0, 0, NULL),
(8, 'test_as_20', 'test_as_20', '', 20, 0, 0, 3, 0, 0, 0, CAST('2022-09-24T18:42:03.910' AS timestamp without time zone), 0, 0, 0, 0, 0, 0, 0, 0, 0, NULL),
(9, 'test_as_40', 'test_as_40', '', 40, 0, 0, 3, 0, 0, 0, CAST('2022-09-24T18:42:03.910' AS timestamp without time zone), 0, 0, 0, 0, 0, 0, 0, 0, 0, NULL),
(10, 'test_as_60', 'test_as_60', '', 60, 0, 0, 3, 0, 0, 0, CAST('2022-09-24T18:42:03.910' AS timestamp without time zone), 0, 0, 0, 0, 0, 0, 0, 0, 0, NULL),
(11, 'test_as_80', 'test_as_80', '', 80, 0, 0, 3, 0, 0, 0, CAST('2022-09-24T18:42:03.910' AS timestamp without time zone), 0, 0, 0, 0, 0, 0, 0, 0, 0, NULL),
(12, 'test_as_90', 'test_as_90', '', 90, 0, 0, 3, 0, 0, 0, CAST('2022-09-24T18:42:03.910' AS timestamp without time zone), 0, 0, 0, 0, 0, 0, 0, 0, 0, NULL),
(13, 'test_as_100', 'test_as_100', '', 100, 0, 0, 3, 0, 0, 0, CAST('2022-09-24T18:42:03.910' AS timestamp without time zone), 0, 0, 0, 0, 0, 0, 0, 0, 0, NULL),
(14, 'test_as_108', 'test_as_108', '', 108, 0, 0, 3, 0, 0, 0, CAST('2022-09-24T18:42:03.910' AS timestamp without time zone), 0, 0, 0, 0, 0, 0, 0, 0, 0, NULL),
(15, 'test_ms_20', 'test_ms_20', '', 20, 0, 0, 2, 0, 0, 0, CAST('2022-09-24T18:42:03.910' AS timestamp without time zone), 0, 0, 0, 0, 0, 0, 0, 0, 0, NULL),
(16, 'test_ms_40', 'test_ms_40', '', 40, 0, 0, 2, 0, 0, 0, CAST('2022-09-24T18:42:03.910' AS timestamp without time zone), 0, 0, 0, 0, 0, 0, 0, 0, 0, NULL),
(17, 'test_ms_60', 'test_ms_60', '', 60, 0, 0, 2, 0, 0, 0, CAST('2022-09-24T18:42:03.910' AS timestamp without time zone), 0, 0, 0, 0, 0, 0, 0, 0, 0, NULL),
(18, 'test_ms_80', 'test_ms_80', '', 80, 0, 0, 2, 0, 0, 0, CAST('2022-09-24T18:42:03.910' AS timestamp without time zone), 0, 0, 0, 0, 0, 0, 0, 0, 0, NULL),
(19, 'test_ms_90', 'test_ms_90', '', 90, 0, 0, 2, 0, 0, 0, CAST('2022-09-24T18:42:03.910' AS timestamp without time zone), 0, 0, 0, 0, 0, 0, 0, 0, 0, NULL),
(20, 'test_ms_100', 'test_ms_100', '', 100, 0, 0, 2, 0, 0, 0, CAST('2022-09-24T18:42:03.910' AS timestamp without time zone), 0, 0, 0, 0, 0, 0, 0, 0, 0, NULL),
(21, 'test_ms_108', 'test_ms_108', '', 108, 0, 0, 2, 0, 0, 0, CAST('2022-09-24T18:42:03.910' AS timestamp without time zone), 0, 0, 0, 0, 0, 0, 0, 0, 0, NULL),
(22, 'test_msauto_20', 'test_msauto_20', '', 20, 0, 0, 2, 0, 0, 0, CAST('2022-09-24T18:42:03.910' AS timestamp without time zone), 0, 0, 0, 0, 0, 0, 0, 0, 0, NULL),
(23, 'test_msauto_40', 'test_msauto_40', '', 40, 0, 0, 2, 0, 0, 0, CAST('2022-09-24T18:42:03.910' AS timestamp without time zone), 0, 0, 0, 0, 0, 0, 0, 0, 0, NULL),
(24, 'test_msauto_60', 'test_msauto_60', '', 60, 0, 0, 2, 0, 0, 0, CAST('2022-09-24T18:42:03.910' AS timestamp without time zone), 0, 0, 0, 0, 0, 0, 0, 0, 0, NULL),
(25, 'test_msauto_80', 'test_msauto_80', '', 80, 0, 0, 2, 0, 0, 0, CAST('2022-09-24T18:42:03.910' AS timestamp without time zone), 0, 0, 0, 0, 0, 0, 0, 0, 0, NULL),
(26, 'test_msauto_90', 'test_msauto_90', '', 90, 0, 0, 2, 0, 0, 0, CAST('2022-09-24T18:42:03.910' AS timestamp without time zone), 0, 0, 0, 0, 0, 0, 0, 0, 0, NULL),
(27, 'test_msauto_100', 'test_msauto_100', '', 100, 0, 0, 2, 0, 0, 0, CAST('2022-09-24T18:42:03.910' AS timestamp without time zone), 0, 0, 0, 0, 0, 0, 0, 0, 0, NULL),
(28, 'test_msauto_108', 'test_msauto_108', '', 108, 0, 0, 2, 0, 0, 0, CAST('2022-09-24T18:42:03.910' AS timestamp without time zone), 0, 0, 0, 0, 0, 0, 0, 0, 0, NULL),
(29, 'test_ps_20', 'test_ps_20', '', 20, 0, 0, 4, 0, 0, 0, CAST('2022-09-24T18:42:03.910' AS timestamp without time zone), 0, 0, 0, 0, 0, 0, 0, 0, 0, NULL),
(30, 'test_ps_40', 'test_ps_40', '', 40, 0, 0, 4, 0, 0, 0, CAST('2022-09-24T18:42:03.910' AS timestamp without time zone), 0, 0, 0, 0, 0, 0, 0, 0, 0, NULL),
(31, 'test_ps_60', 'test_ps_60', '', 60, 0, 0, 4, 0, 0, 0, CAST('2022-09-24T18:42:03.910' AS timestamp without time zone), 0, 0, 0, 0, 0, 0, 0, 0, 0, NULL),
(32, 'test_ps_80', 'test_ps_80', '', 80, 0, 0, 4, 0, 0, 0, CAST('2022-09-24T18:42:03.910' AS timestamp without time zone), 0, 0, 0, 0, 0, 0, 0, 0, 0, NULL),
(33, 'test_ps_90', 'test_ps_90', '', 90, 0, 0, 4, 0, 0, 0, CAST('2022-09-24T18:42:03.910' AS timestamp without time zone), 0, 0, 0, 0, 0, 0, 0, 0, 0, NULL),
(34, 'test_ps_100', 'test_ps_100', '', 100, 0, 0, 4, 0, 0, 0, CAST('2022-09-24T18:42:03.910' AS timestamp without time zone), 0, 0, 0, 0, 0, 0, 0, 0, 0, NULL),
(35, 'test_ps_108', 'test_ps_108', '', 108, 0, 0, 4, 0, 0, 0, CAST('2022-09-24T18:42:03.910' AS timestamp without time zone), 0, 0, 0, 0, 0, 0, 0, 0, 0, NULL),
(36, 'test_ass_20', 'test_ass_20', '', 20, 0, 0, 9, 0, 0, 0, CAST('2022-09-24T18:42:03.910' AS timestamp without time zone), 0, 0, 0, 0, 0, 0, 0, 0, 0, NULL),
(37, 'test_ass_40', 'test_ass_40', '', 40, 0, 0, 9, 0, 0, 0, CAST('2022-09-24T18:42:03.910' AS timestamp without time zone), 0, 0, 0, 0, 0, 0, 0, 0, 0, NULL),
(38, 'test_ass_60', 'test_ass_60', '', 60, 0, 0, 9, 0, 0, 0, CAST('2022-09-24T18:42:03.910' AS timestamp without time zone), 0, 0, 0, 0, 0, 0, 0, 0, 0, NULL),
(39, 'test_ass_80', 'test_ass_80', '', 80, 0, 0, 9, 0, 0, 0, CAST('2022-09-24T18:42:03.910' AS timestamp without time zone), 0, 0, 0, 0, 0, 0, 0, 0, 0, NULL),
(40, 'test_ass_90', 'test_ass_90', '', 90, 0, 0, 9, 0, 0, 0, CAST('2022-09-24T18:42:03.910' AS timestamp without time zone), 0, 0, 0, 0, 0, 0, 0, 0, 0, NULL),
(41, 'test_ass_100', 'test_ass_100', '', 100, 0, 0, 9, 0, 0, 0, CAST('2022-09-24T18:42:03.910' AS timestamp without time zone), 0, 0, 0, 0, 0, 0, 0, 0, 0, NULL),
(42, 'test_ass_108', 'test_ass_108', '', 108, 0, 0, 9, 0, 0, 0, CAST('2022-09-24T18:42:03.910' AS timestamp without time zone), 0, 0, 0, 0, 0, 0, 0, 0, 0, NULL),
(43, 'test_ks_20', 'test_ks_20', '', 20, 0, 0, 6, 0, 0, 0, CAST('2022-09-24T18:42:03.910' AS timestamp without time zone), 0, 0, 0, 0, 0, 0, 0, 0, 0, NULL),
(44, 'test_ks_40', 'test_ks_40', '', 40, 0, 0, 6, 0, 0, 0, CAST('2022-09-24T18:42:03.910' AS timestamp without time zone), 0, 0, 0, 0, 0, 0, 0, 0, 0, NULL),
(45, 'test_ks_60', 'test_ks_60', '', 60, 0, 0, 6, 0, 0, 0, CAST('2022-09-24T18:42:03.910' AS timestamp without time zone), 0, 0, 0, 0, 0, 0, 0, 0, 0, NULL),
(46, 'test_ks_80', 'test_ks_80', '', 80, 0, 0, 6, 0, 0, 0, CAST('2022-09-24T18:42:03.910' AS timestamp without time zone), 0, 0, 0, 0, 0, 0, 0, 0, 0, NULL),
(47, 'test_ks_90', 'test_ks_90', '', 90, 0, 0, 6, 0, 0, 0, CAST('2022-09-24T18:42:03.910' AS timestamp without time zone), 0, 0, 0, 0, 0, 0, 0, 0, 0, NULL),
(48, 'test_ks_100', 'test_ks_100', '', 100, 0, 0, 6, 0, 0, 0, CAST('2022-09-24T18:42:03.910' AS timestamp without time zone), 0, 0, 0, 0, 0, 0, 0, 0, 0, NULL),
(49, 'test_ks_108', 'test_ks_108', '', 108, 0, 0, 6, 0, 0, 0, CAST('2022-09-24T18:42:03.910' AS timestamp without time zone), 0, 0, 0, 0, 0, 0, 0, 0, 0, NULL),
(50, 'test_ata_20', 'test_ata_20', '', 20, 0, 0, 5, 0, 0, 0, CAST('2022-09-24T18:42:03.910' AS timestamp without time zone), 0, 0, 0, 0, 0, 0, 0, 0, 0, NULL),
(51, 'test_ata_40', 'test_ata_40', '', 40, 0, 0, 5, 0, 0, 0, CAST('2022-09-24T18:42:03.910' AS timestamp without time zone), 0, 0, 0, 0, 0, 0, 0, 0, 0, NULL),
(52, 'test_ata_60', 'test_ata_60', '', 60, 0, 0, 5, 0, 0, 0, CAST('2022-09-24T18:42:03.910' AS timestamp without time zone), 0, 0, 0, 0, 0, 0, 0, 0, 0, NULL),
(53, 'test_ata_80', 'test_ata_80', '', 80, 0, 0, 5, 0, 0, 0, CAST('2022-09-24T18:42:03.910' AS timestamp without time zone), 0, 0, 0, 0, 0, 0, 0, 0, 0, NULL),
(54, 'test_ata_90', 'test_ata_90', '', 90, 0, 0, 5, 0, 0, 0, CAST('2022-09-24T18:42:03.910' AS timestamp without time zone), 0, 0, 0, 0, 0, 0, 0, 0, 0, NULL),
(55, 'test_ata_100', 'test_ata_100', '', 100, 0, 0, 5, 0, 0, 0, CAST('2022-09-24T18:42:03.910' AS timestamp without time zone), 0, 0, 0, 0, 0, 0, 0, 0, 0, NULL),
(56, 'test_ata_108', 'test_ata_108', '', 108, 0, 0, 5, 0, 0, 0, CAST('2022-09-24T18:42:03.910' AS timestamp without time zone), 0, 0, 0, 0, 0, 0, 0, 0, 0, NULL),
(57, 'test_prs_20', 'test_prs_20', '', 20, 0, 0, 8, 0, 0, 0, CAST('2022-09-24T18:42:03.910' AS timestamp without time zone), 0, 0, 0, 0, 0, 0, 0, 0, 0, NULL),
(58, 'test_prs_40', 'test_prs_40', '', 40, 0, 0, 8, 0, 0, 0, CAST('2022-09-24T18:42:03.913' AS timestamp without time zone), 0, 0, 0, 0, 0, 0, 0, 0, 0, NULL),
(59, 'test_prs_60', 'test_prs_60', '', 60, 0, 0, 8, 0, 0, 0, CAST('2022-09-24T18:42:03.913' AS timestamp without time zone), 0, 0, 0, 0, 0, 0, 0, 0, 0, NULL),
(60, 'test_prs_80', 'test_prs_80', '', 80, 0, 0, 8, 0, 0, 0, CAST('2022-09-24T18:42:03.913' AS timestamp without time zone), 0, 0, 0, 0, 0, 0, 0, 0, 0, NULL),
(61, 'test_prs_90', 'test_prs_90', '', 90, 0, 0, 8, 0, 0, 0, CAST('2022-09-24T18:42:03.913' AS timestamp without time zone), 0, 0, 0, 0, 0, 0, 0, 0, 0, NULL),
(62, 'test_prs_100', 'test_prs_100', '', 100, 0, 0, 8, 0, 0, 0, CAST('2022-09-24T18:42:03.913' AS timestamp without time zone), 0, 0, 0, 0, 0, 0, 0, 0, 0, NULL),
(63, 'test_prs_108', 'test_prs_108', '', 108, 0, 0, 8, 0, 0, 0, CAST('2022-09-24T18:42:03.913' AS timestamp without time zone), 0, 0, 0, 0, 0, 0, 0, 0, 0, NULL),
(64, 'test_mgs_20', 'test_mgs_20', '', 20, 0, 0, 7, 0, 0, 0, CAST('2022-09-24T18:42:03.913' AS timestamp without time zone), 0, 0, 0, 0, 0, 0, 0, 0, 0, NULL),
(65, 'test_mgs_40', 'test_mgs_40', '', 40, 0, 0, 7, 0, 0, 0, CAST('2022-09-24T18:42:03.913' AS timestamp without time zone), 0, 0, 0, 0, 0, 0, 0, 0, 0, NULL),
(66, 'test_mgs_60', 'test_mgs_60', '', 60, 0, 0, 7, 0, 0, 0, CAST('2022-09-24T18:42:03.913' AS timestamp without time zone), 0, 0, 0, 0, 0, 0, 0, 0, 0, NULL),
(67, 'test_mgs_80', 'test_mgs_80', '', 80, 0, 0, 7, 0, 0, 0, CAST('2022-09-24T18:42:03.913' AS timestamp without time zone), 0, 0, 0, 0, 0, 0, 0, 0, 0, NULL),
(68, 'test_mgs_90', 'test_mgs_90', '', 90, 0, 0, 7, 0, 0, 0, CAST('2022-09-24T18:42:03.913' AS timestamp without time zone), 0, 0, 0, 0, 0, 0, 0, 0, 0, NULL),
(69, 'test_mgs_100', 'test_mgs_100', '', 100, 0, 0, 7, 0, 0, 0, CAST('2022-09-24T18:42:03.913' AS timestamp without time zone), 0, 0, 0, 0, 0, 0, 0, 0, 0, NULL),
(70, 'test_mgs_108', 'test_mgs_108', '', 108, 0, 0, 7, 0, 0, 0, CAST('2022-09-24T18:42:03.913' AS timestamp without time zone), 0, 0, 0, 0, 0, 0, 0, 0, 0, NULL),
(71, 'test_sha_20', 'test_sha_20', '', 20, 0, 0, 10, 0, 0, 0, CAST('2022-09-24T18:42:03.913' AS timestamp without time zone), 0, 0, 0, 0, 0, 0, 0, 0, 0, NULL),
(72, 'test_sha_40', 'test_sha_40', '', 40, 0, 0, 10, 0, 0, 0, CAST('2022-09-24T18:42:03.913' AS timestamp without time zone), 0, 0, 0, 0, 0, 0, 0, 0, 0, NULL),
(73, 'test_sha_60', 'test_sha_60', '', 60, 0, 0, 10, 0, 0, 0, CAST('2022-09-24T18:42:03.913' AS timestamp without time zone), 0, 0, 0, 0, 0, 0, 0, 0, 0, NULL),
(74, 'test_sha_80', 'test_sha_80', '', 80, 0, 0, 10, 0, 0, 0, CAST('2022-09-24T18:42:03.913' AS timestamp without time zone), 0, 0, 0, 0, 0, 0, 0, 0, 0, NULL),
(75, 'test_sha_90', 'test_sha_90', '', 90, 0, 0, 10, 0, 0, 0, CAST('2022-09-24T18:42:03.913' AS timestamp without time zone), 0, 0, 0, 0, 0, 0, 0, 0, 0, NULL),
(76, 'test_sha_100', 'test_sha_100', '', 100, 0, 0, 10, 0, 0, 0, CAST('2022-09-24T18:42:03.913' AS timestamp without time zone), 0, 0, 0, 0, 0, 0, 0, 0, 0, NULL),
(77, 'test_sha_108', 'test_sha_108', '', 108, 0, 0, 10, 0, 0, 0, CAST('2022-09-24T18:42:03.913' AS timestamp without time zone), 0, 0, 0, 0, 0, 0, 0, 0, 0, NULL),
(78, 'test_fs_20', 'aglob', 'char\tmABCD\tfh-e02.inf', 120, 1484134441788, 23973356, 9, 0, 0, 0, CAST('2022-09-25T01:00:31.397' AS timestamp without time zone), 0, 0, 0, 1, 0, 4, 0, NULL, NULL, NULL),
(79, 'test_fs_40', 'Administrador', '', 120, 1484134441788, 999615273, 1, 0, 0, 0, CAST('2022-09-25T14:57:16.037' AS timestamp without time zone), 0, 0, 0, 1, 0, 4, 0, NULL, NULL, NULL);

INSERT INTO CharacterItemTimer (CharacterID, CharacterName, ItemTimerType, ItemID, TimeLeft, TimeTotal) OVERRIDING SYSTEM VALUE VALUES
(78, 'aglob', 18, 135018496, 259200, 259200),
(79, 'Administrador', 1, 134941952, 86397, 86400);

INSERT INTO CharacterPvP (ID, CharacterName, Kills, Deaths, KillStreak, TopPvP) OVERRIDING SYSTEM VALUE VALUES
(1, 'aglob', 0, 0, 0, 0),
(2, 'Administrador', 0, 0, 0, 0);

INSERT INTO CharacterQuest (ID, QuestID, QuestRewardID, CharacterID, AccountName, CharacterName, StartDate, EndDate, MonsterCount, ItemCount, TimeLeft, Counter) OVERRIDING SYSTEM VALUE VALUES
(1, 4000, 4000, 79, 'test_fs_40', 'Administrador', CAST('2022-09-24T23:23:16.633' AS timestamp without time zone), CAST('2022-09-24T23:23:16.633' AS timestamp without time zone), '', '', 0, 1),
(2, 4010, 4010, 79, 'test_fs_40', 'Administrador', CAST('2022-09-24T23:23:16.637' AS timestamp without time zone), CAST('2022-09-24T23:23:16.637' AS timestamp without time zone), '', '', 0, 1),
(3, 4020, 4020, 79, 'test_fs_40', 'Administrador', CAST('2022-09-24T23:23:16.640' AS timestamp without time zone), CAST('2022-09-24T23:23:16.640' AS timestamp without time zone), '', '', 0, 1),
(4, 4030, 4030, 79, 'test_fs_40', 'Administrador', CAST('2022-09-24T23:23:16.640' AS timestamp without time zone), CAST('2022-09-24T23:23:16.640' AS timestamp without time zone), '', '', 0, 1),
(5, 4044, 4044, 79, 'test_fs_40', 'Administrador', CAST('2022-09-24T23:23:16.640' AS timestamp without time zone), CAST('2022-09-24T23:23:16.640' AS timestamp without time zone), '', '', 0, 1),
(6, 4050, 4050, 79, 'test_fs_40', 'Administrador', CAST('2022-09-24T23:23:16.640' AS timestamp without time zone), CAST('2022-09-24T23:23:16.640' AS timestamp without time zone), '', '', 0, 1),
(7, 4060, 4060, 79, 'test_fs_40', 'Administrador', CAST('2022-09-24T23:23:16.640' AS timestamp without time zone), CAST('2022-09-24T23:23:16.640' AS timestamp without time zone), '', '', 0, 1),
(8, 4072, 4072, 79, 'test_fs_40', 'Administrador', CAST('2022-09-24T23:23:16.640' AS timestamp without time zone), CAST('2022-09-24T23:23:16.640' AS timestamp without time zone), '', '', 0, 1),
(9, 4000, 4000, 78, 'test_fs_20', 'aglob', CAST('2022-09-24T23:24:33.900' AS timestamp without time zone), CAST('2022-09-24T23:24:33.900' AS timestamp without time zone), '', '', 0, 1),
(10, 4010, 4010, 78, 'test_fs_20', 'aglob', CAST('2022-09-24T23:24:33.900' AS timestamp without time zone), CAST('2022-09-24T23:24:33.900' AS timestamp without time zone), '', '', 0, 1),
(11, 4020, 4020, 78, 'test_fs_20', 'aglob', CAST('2022-09-24T23:24:33.900' AS timestamp without time zone), CAST('2022-09-24T23:24:33.900' AS timestamp without time zone), '', '', 0, 1),
(12, 4030, 4030, 78, 'test_fs_20', 'aglob', CAST('2022-09-24T23:24:33.900' AS timestamp without time zone), CAST('2022-09-24T23:24:33.900' AS timestamp without time zone), '', '', 0, 1),
(13, 4044, 4044, 78, 'test_fs_20', 'aglob', CAST('2022-09-24T23:24:33.903' AS timestamp without time zone), CAST('2022-09-24T23:24:33.903' AS timestamp without time zone), '', '', 0, 1),
(14, 4050, 4050, 78, 'test_fs_20', 'aglob', CAST('2022-09-24T23:24:33.903' AS timestamp without time zone), CAST('2022-09-24T23:24:33.903' AS timestamp without time zone), '', '', 0, 1),
(15, 4060, 4060, 78, 'test_fs_20', 'aglob', CAST('2022-09-24T23:24:33.903' AS timestamp without time zone), CAST('2022-09-24T23:24:33.903' AS timestamp without time zone), '', '', 0, 1),
(16, 4072, 4072, 78, 'test_fs_20', 'aglob', CAST('2022-09-24T23:24:33.903' AS timestamp without time zone), CAST('2022-09-24T23:24:33.903' AS timestamp without time zone), '', '', 0, 1),
(17, 4000, 4000, 79, 'test_fs_40', 'Administrador', CAST('2022-09-24T23:26:26.350' AS timestamp without time zone), CAST('2022-09-24T23:26:26.350' AS timestamp without time zone), '', '', 0, 1),
(18, 4010, 4010, 79, 'test_fs_40', 'Administrador', CAST('2022-09-24T23:26:26.353' AS timestamp without time zone), CAST('2022-09-24T23:26:26.353' AS timestamp without time zone), '', '', 0, 1),
(19, 4020, 4020, 79, 'test_fs_40', 'Administrador', CAST('2022-09-24T23:26:26.357' AS timestamp without time zone), CAST('2022-09-24T23:26:26.357' AS timestamp without time zone), '', '', 0, 1),
(20, 4030, 4030, 79, 'test_fs_40', 'Administrador', CAST('2022-09-24T23:26:26.357' AS timestamp without time zone), CAST('2022-09-24T23:26:26.357' AS timestamp without time zone), '', '', 0, 1),
(21, 4044, 4044, 79, 'test_fs_40', 'Administrador', CAST('2022-09-24T23:26:26.357' AS timestamp without time zone), CAST('2022-09-24T23:26:26.357' AS timestamp without time zone), '', '', 0, 1),
(22, 4050, 4050, 79, 'test_fs_40', 'Administrador', CAST('2022-09-24T23:26:26.360' AS timestamp without time zone), CAST('2022-09-24T23:26:26.360' AS timestamp without time zone), '', '', 0, 1),
(23, 4060, 4060, 79, 'test_fs_40', 'Administrador', CAST('2022-09-24T23:26:26.360' AS timestamp without time zone), CAST('2022-09-24T23:26:26.360' AS timestamp without time zone), '', '', 0, 1),
(24, 4072, 4072, 79, 'test_fs_40', 'Administrador', CAST('2022-09-24T23:26:26.360' AS timestamp without time zone), CAST('2022-09-24T23:26:26.360' AS timestamp without time zone), '', '', 0, 1),
(25, 5000, 5000, 79, 'test_fs_40', 'Administrador', CAST('2022-09-24T23:26:26.360' AS timestamp without time zone), CAST('2022-09-24T23:26:26.360' AS timestamp without time zone), '', '', 0, 1),
(26, 5041, 5041, 79, 'test_fs_40', 'Administrador', CAST('2022-09-24T23:26:26.363' AS timestamp without time zone), CAST('2022-09-24T23:26:26.363' AS timestamp without time zone), '', '', 0, 1),
(27, 5060, 5060, 79, 'test_fs_40', 'Administrador', CAST('2022-09-24T23:26:26.363' AS timestamp without time zone), CAST('2022-09-24T23:26:26.363' AS timestamp without time zone), '', '', 0, 1),
(28, 4000, 4000, 78, 'test_fs_20', 'aglob', CAST('2022-09-24T23:27:05.550' AS timestamp without time zone), CAST('2022-09-24T23:27:05.550' AS timestamp without time zone), '', '', 0, 1),
(29, 4010, 4010, 78, 'test_fs_20', 'aglob', CAST('2022-09-24T23:27:05.550' AS timestamp without time zone), CAST('2022-09-24T23:27:05.550' AS timestamp without time zone), '', '', 0, 1),
(30, 4020, 4020, 78, 'test_fs_20', 'aglob', CAST('2022-09-24T23:27:05.550' AS timestamp without time zone), CAST('2022-09-24T23:27:05.550' AS timestamp without time zone), '', '', 0, 1),
(31, 4030, 4030, 78, 'test_fs_20', 'aglob', CAST('2022-09-24T23:27:05.553' AS timestamp without time zone), CAST('2022-09-24T23:27:05.553' AS timestamp without time zone), '', '', 0, 1),
(32, 4044, 4044, 78, 'test_fs_20', 'aglob', CAST('2022-09-24T23:27:05.553' AS timestamp without time zone), CAST('2022-09-24T23:27:05.553' AS timestamp without time zone), '', '', 0, 1),
(33, 4050, 4050, 78, 'test_fs_20', 'aglob', CAST('2022-09-24T23:27:05.553' AS timestamp without time zone), CAST('2022-09-24T23:27:05.553' AS timestamp without time zone), '', '', 0, 1),
(34, 4060, 4060, 78, 'test_fs_20', 'aglob', CAST('2022-09-24T23:27:05.553' AS timestamp without time zone), CAST('2022-09-24T23:27:05.553' AS timestamp without time zone), '', '', 0, 1),
(35, 4072, 4072, 78, 'test_fs_20', 'aglob', CAST('2022-09-24T23:27:05.557' AS timestamp without time zone), CAST('2022-09-24T23:27:05.557' AS timestamp without time zone), '', '', 0, 1),
(36, 5000, 5000, 78, 'test_fs_20', 'aglob', CAST('2022-09-24T23:27:05.557' AS timestamp without time zone), CAST('2022-09-24T23:27:05.557' AS timestamp without time zone), '', '', 0, 1),
(37, 5041, 5041, 78, 'test_fs_20', 'aglob', CAST('2022-09-24T23:27:05.557' AS timestamp without time zone), CAST('2022-09-24T23:27:05.557' AS timestamp without time zone), '', '', 0, 1),
(38, 5060, 5060, 78, 'test_fs_20', 'aglob', CAST('2022-09-24T23:27:05.557' AS timestamp without time zone), CAST('2022-09-24T23:27:05.557' AS timestamp without time zone), '', '', 0, 1),
(39, 4000, 4000, 79, 'test_fs_40', 'Administrador', CAST('2022-09-24T23:27:22.960' AS timestamp without time zone), CAST('2022-09-24T23:27:22.960' AS timestamp without time zone), '', '', 0, 1),
(40, 4010, 4010, 79, 'test_fs_40', 'Administrador', CAST('2022-09-24T23:27:22.963' AS timestamp without time zone), CAST('2022-09-24T23:27:22.963' AS timestamp without time zone), '', '', 0, 1),
(41, 4020, 4020, 79, 'test_fs_40', 'Administrador', CAST('2022-09-24T23:27:22.963' AS timestamp without time zone), CAST('2022-09-24T23:27:22.963' AS timestamp without time zone), '', '', 0, 1),
(42, 4030, 4030, 79, 'test_fs_40', 'Administrador', CAST('2022-09-24T23:27:22.963' AS timestamp without time zone), CAST('2022-09-24T23:27:22.963' AS timestamp without time zone), '', '', 0, 1),
(43, 4044, 4044, 79, 'test_fs_40', 'Administrador', CAST('2022-09-24T23:27:22.967' AS timestamp without time zone), CAST('2022-09-24T23:27:22.967' AS timestamp without time zone), '', '', 0, 1),
(44, 4050, 4050, 79, 'test_fs_40', 'Administrador', CAST('2022-09-24T23:27:22.967' AS timestamp without time zone), CAST('2022-09-24T23:27:22.967' AS timestamp without time zone), '', '', 0, 1),
(45, 4060, 4060, 79, 'test_fs_40', 'Administrador', CAST('2022-09-24T23:27:22.970' AS timestamp without time zone), CAST('2022-09-24T23:27:22.970' AS timestamp without time zone), '', '', 0, 1),
(46, 4072, 4072, 79, 'test_fs_40', 'Administrador', CAST('2022-09-24T23:27:22.973' AS timestamp without time zone), CAST('2022-09-24T23:27:22.973' AS timestamp without time zone), '', '', 0, 1),
(47, 5000, 5000, 79, 'test_fs_40', 'Administrador', CAST('2022-09-24T23:27:22.973' AS timestamp without time zone), CAST('2022-09-24T23:27:22.973' AS timestamp without time zone), '', '', 0, 1),
(48, 5041, 5041, 79, 'test_fs_40', 'Administrador', CAST('2022-09-24T23:27:22.977' AS timestamp without time zone), CAST('2022-09-24T23:27:22.977' AS timestamp without time zone), '', '', 0, 1),
(49, 5060, 5060, 79, 'test_fs_40', 'Administrador', CAST('2022-09-24T23:27:22.977' AS timestamp without time zone), CAST('2022-09-24T23:27:22.977' AS timestamp without time zone), '', '', 0, 1),
(50, 4000, 4000, 79, 'test_fs_40', 'Administrador', CAST('2022-09-24T23:28:48.367' AS timestamp without time zone), CAST('2022-09-24T23:28:48.367' AS timestamp without time zone), '', '', 0, 1),
(51, 4010, 4010, 79, 'test_fs_40', 'Administrador', CAST('2022-09-24T23:28:48.367' AS timestamp without time zone), CAST('2022-09-24T23:28:48.367' AS timestamp without time zone), '', '', 0, 1),
(52, 4020, 4020, 79, 'test_fs_40', 'Administrador', CAST('2022-09-24T23:28:48.370' AS timestamp without time zone), CAST('2022-09-24T23:28:48.370' AS timestamp without time zone), '', '', 0, 1),
(53, 4030, 4030, 79, 'test_fs_40', 'Administrador', CAST('2022-09-24T23:28:48.373' AS timestamp without time zone), CAST('2022-09-24T23:28:48.373' AS timestamp without time zone), '', '', 0, 1),
(54, 4044, 4044, 79, 'test_fs_40', 'Administrador', CAST('2022-09-24T23:28:48.377' AS timestamp without time zone), CAST('2022-09-24T23:28:48.377' AS timestamp without time zone), '', '', 0, 1),
(55, 4050, 4050, 79, 'test_fs_40', 'Administrador', CAST('2022-09-24T23:28:48.380' AS timestamp without time zone), CAST('2022-09-24T23:28:48.380' AS timestamp without time zone), '', '', 0, 1),
(56, 4060, 4060, 79, 'test_fs_40', 'Administrador', CAST('2022-09-24T23:28:48.380' AS timestamp without time zone), CAST('2022-09-24T23:28:48.380' AS timestamp without time zone), '', '', 0, 1),
(57, 4072, 4072, 79, 'test_fs_40', 'Administrador', CAST('2022-09-24T23:28:48.380' AS timestamp without time zone), CAST('2022-09-24T23:28:48.380' AS timestamp without time zone), '', '', 0, 1),
(58, 5000, 5000, 79, 'test_fs_40', 'Administrador', CAST('2022-09-24T23:28:48.383' AS timestamp without time zone), CAST('2022-09-24T23:28:48.383' AS timestamp without time zone), '', '', 0, 1),
(59, 5041, 5041, 79, 'test_fs_40', 'Administrador', CAST('2022-09-24T23:28:48.383' AS timestamp without time zone), CAST('2022-09-24T23:28:48.383' AS timestamp without time zone), '', '', 0, 1),
(60, 5060, 5060, 79, 'test_fs_40', 'Administrador', CAST('2022-09-24T23:28:48.383' AS timestamp without time zone), CAST('2022-09-24T23:28:48.383' AS timestamp without time zone), '', '', 0, 1),
(61, 4000, 4000, 78, 'test_fs_20', 'aglob', CAST('2022-09-24T23:30:51.990' AS timestamp without time zone), CAST('2022-09-24T23:30:51.990' AS timestamp without time zone), '', '', 0, 1),
(62, 4010, 4010, 78, 'test_fs_20', 'aglob', CAST('2022-09-24T23:30:51.993' AS timestamp without time zone), CAST('2022-09-24T23:30:51.993' AS timestamp without time zone), '', '', 0, 1),
(63, 4020, 4020, 78, 'test_fs_20', 'aglob', CAST('2022-09-24T23:30:51.993' AS timestamp without time zone), CAST('2022-09-24T23:30:51.993' AS timestamp without time zone), '', '', 0, 1),
(64, 4030, 4030, 78, 'test_fs_20', 'aglob', CAST('2022-09-24T23:30:51.997' AS timestamp without time zone), CAST('2022-09-24T23:30:51.997' AS timestamp without time zone), '', '', 0, 1),
(65, 4044, 4044, 78, 'test_fs_20', 'aglob', CAST('2022-09-24T23:30:52.000' AS timestamp without time zone), CAST('2022-09-24T23:30:52.000' AS timestamp without time zone), '', '', 0, 1),
(66, 4050, 4050, 78, 'test_fs_20', 'aglob', CAST('2022-09-24T23:30:52.010' AS timestamp without time zone), CAST('2022-09-24T23:30:52.010' AS timestamp without time zone), '', '', 0, 1),
(67, 4060, 4060, 78, 'test_fs_20', 'aglob', CAST('2022-09-24T23:30:52.023' AS timestamp without time zone), CAST('2022-09-24T23:30:52.023' AS timestamp without time zone), '', '', 0, 1),
(68, 4072, 4072, 78, 'test_fs_20', 'aglob', CAST('2022-09-24T23:30:52.027' AS timestamp without time zone), CAST('2022-09-24T23:30:52.027' AS timestamp without time zone), '', '', 0, 1),
(69, 5000, 5000, 78, 'test_fs_20', 'aglob', CAST('2022-09-24T23:30:52.027' AS timestamp without time zone), CAST('2022-09-24T23:30:52.027' AS timestamp without time zone), '', '', 0, 1),
(70, 5041, 5041, 78, 'test_fs_20', 'aglob', CAST('2022-09-24T23:30:52.027' AS timestamp without time zone), CAST('2022-09-24T23:30:52.027' AS timestamp without time zone), '', '', 0, 1),
(71, 5060, 5060, 78, 'test_fs_20', 'aglob', CAST('2022-09-24T23:30:52.030' AS timestamp without time zone), CAST('2022-09-24T23:30:52.030' AS timestamp without time zone), '', '', 0, 1),
(72, 4000, 4000, 79, 'test_fs_40', 'Administrador', CAST('2022-09-25T00:06:53.140' AS timestamp without time zone), CAST('2022-09-25T00:06:53.140' AS timestamp without time zone), '', '', 0, 1),
(73, 4010, 4010, 79, 'test_fs_40', 'Administrador', CAST('2022-09-25T00:06:53.700' AS timestamp without time zone), CAST('2022-09-25T00:06:53.700' AS timestamp without time zone), '', '', 0, 1),
(74, 4020, 4020, 79, 'test_fs_40', 'Administrador', CAST('2022-09-25T00:06:54.170' AS timestamp without time zone), CAST('2022-09-25T00:06:54.170' AS timestamp without time zone), '', '', 0, 1),
(75, 4030, 4030, 79, 'test_fs_40', 'Administrador', CAST('2022-09-25T00:06:54.177' AS timestamp without time zone), CAST('2022-09-25T00:06:54.177' AS timestamp without time zone), '', '', 0, 1),
(76, 4044, 4044, 79, 'test_fs_40', 'Administrador', CAST('2022-09-25T00:06:54.207' AS timestamp without time zone), CAST('2022-09-25T00:06:54.207' AS timestamp without time zone), '', '', 0, 1),
(77, 4050, 4050, 79, 'test_fs_40', 'Administrador', CAST('2022-09-25T00:06:54.207' AS timestamp without time zone), CAST('2022-09-25T00:06:54.207' AS timestamp without time zone), '', '', 0, 1),
(78, 4060, 4060, 79, 'test_fs_40', 'Administrador', CAST('2022-09-25T00:06:54.230' AS timestamp without time zone), CAST('2022-09-25T00:06:54.230' AS timestamp without time zone), '', '', 0, 1),
(79, 4072, 4072, 79, 'test_fs_40', 'Administrador', CAST('2022-09-25T00:06:54.487' AS timestamp without time zone), CAST('2022-09-25T00:06:54.487' AS timestamp without time zone), '', '', 0, 1),
(80, 5000, 5000, 79, 'test_fs_40', 'Administrador', CAST('2022-09-25T00:06:54.700' AS timestamp without time zone), CAST('2022-09-25T00:06:54.700' AS timestamp without time zone), '', '', 0, 1),
(81, 5041, 5041, 79, 'test_fs_40', 'Administrador', CAST('2022-09-25T00:06:54.737' AS timestamp without time zone), CAST('2022-09-25T00:06:54.737' AS timestamp without time zone), '', '', 0, 1),
(82, 5060, 5060, 79, 'test_fs_40', 'Administrador', CAST('2022-09-25T00:06:54.770' AS timestamp without time zone), CAST('2022-09-25T00:06:54.770' AS timestamp without time zone), '', '', 0, 1),
(83, 4000, 4000, 78, 'test_fs_20', 'aglob', CAST('2022-09-25T00:07:45.490' AS timestamp without time zone), CAST('2022-09-25T00:07:45.490' AS timestamp without time zone), '', '', 0, 1),
(84, 4010, 4010, 78, 'test_fs_20', 'aglob', CAST('2022-09-25T00:07:45.500' AS timestamp without time zone), CAST('2022-09-25T00:07:45.500' AS timestamp without time zone), '', '', 0, 1),
(85, 4020, 4020, 78, 'test_fs_20', 'aglob', CAST('2022-09-25T00:07:45.513' AS timestamp without time zone), CAST('2022-09-25T00:07:45.513' AS timestamp without time zone), '', '', 0, 1),
(86, 4030, 4030, 78, 'test_fs_20', 'aglob', CAST('2022-09-25T00:07:45.530' AS timestamp without time zone), CAST('2022-09-25T00:07:45.530' AS timestamp without time zone), '', '', 0, 1),
(87, 4044, 4044, 78, 'test_fs_20', 'aglob', CAST('2022-09-25T00:07:45.550' AS timestamp without time zone), CAST('2022-09-25T00:07:45.550' AS timestamp without time zone), '', '', 0, 1),
(88, 4050, 4050, 78, 'test_fs_20', 'aglob', CAST('2022-09-25T00:07:45.550' AS timestamp without time zone), CAST('2022-09-25T00:07:45.550' AS timestamp without time zone), '', '', 0, 1),
(89, 4060, 4060, 78, 'test_fs_20', 'aglob', CAST('2022-09-25T00:07:45.553' AS timestamp without time zone), CAST('2022-09-25T00:07:45.553' AS timestamp without time zone), '', '', 0, 1),
(90, 4072, 4072, 78, 'test_fs_20', 'aglob', CAST('2022-09-25T00:07:45.557' AS timestamp without time zone), CAST('2022-09-25T00:07:45.557' AS timestamp without time zone), '', '', 0, 1),
(91, 5000, 5000, 78, 'test_fs_20', 'aglob', CAST('2022-09-25T00:07:45.560' AS timestamp without time zone), CAST('2022-09-25T00:07:45.560' AS timestamp without time zone), '', '', 0, 1),
(92, 5041, 5041, 78, 'test_fs_20', 'aglob', CAST('2022-09-25T00:07:45.560' AS timestamp without time zone), CAST('2022-09-25T00:07:45.560' AS timestamp without time zone), '', '', 0, 1),
(93, 5060, 5060, 78, 'test_fs_20', 'aglob', CAST('2022-09-25T00:07:45.560' AS timestamp without time zone), CAST('2022-09-25T00:07:45.560' AS timestamp without time zone), '', '', 0, 1),
(94, 4000, 4000, 78, 'test_fs_20', 'aglob', CAST('2022-09-25T01:00:31.390' AS timestamp without time zone), CAST('2022-09-25T01:00:31.390' AS timestamp without time zone), '', '', 0, 1),
(95, 4010, 4010, 78, 'test_fs_20', 'aglob', CAST('2022-09-25T01:00:31.403' AS timestamp without time zone), CAST('2022-09-25T01:00:31.403' AS timestamp without time zone), '', '', 0, 1),
(96, 4020, 4020, 78, 'test_fs_20', 'aglob', CAST('2022-09-25T01:00:31.403' AS timestamp without time zone), CAST('2022-09-25T01:00:31.403' AS timestamp without time zone), '', '', 0, 1),
(97, 4030, 4030, 78, 'test_fs_20', 'aglob', CAST('2022-09-25T01:00:31.407' AS timestamp without time zone), CAST('2022-09-25T01:00:31.407' AS timestamp without time zone), '', '', 0, 1),
(98, 4044, 4044, 78, 'test_fs_20', 'aglob', CAST('2022-09-25T01:00:31.407' AS timestamp without time zone), CAST('2022-09-25T01:00:31.407' AS timestamp without time zone), '', '', 0, 1),
(99, 4050, 4050, 78, 'test_fs_20', 'aglob', CAST('2022-09-25T01:00:31.410' AS timestamp without time zone), CAST('2022-09-25T01:00:31.410' AS timestamp without time zone), '', '', 0, 1),
(100, 4060, 4060, 78, 'test_fs_20', 'aglob', CAST('2022-09-25T01:00:31.410' AS timestamp without time zone), CAST('2022-09-25T01:00:31.410' AS timestamp without time zone), '', '', 0, 1),
(101, 4072, 4072, 78, 'test_fs_20', 'aglob', CAST('2022-09-25T01:00:31.413' AS timestamp without time zone), CAST('2022-09-25T01:00:31.413' AS timestamp without time zone), '', '', 0, 1),
(102, 5000, 5000, 78, 'test_fs_20', 'aglob', CAST('2022-09-25T01:00:31.413' AS timestamp without time zone), CAST('2022-09-25T01:00:31.413' AS timestamp without time zone), '', '', 0, 1),
(103, 5041, 5041, 78, 'test_fs_20', 'aglob', CAST('2022-09-25T01:00:31.417' AS timestamp without time zone), CAST('2022-09-25T01:00:31.417' AS timestamp without time zone), '', '', 0, 1),
(104, 5060, 5060, 78, 'test_fs_20', 'aglob', CAST('2022-09-25T01:00:31.417' AS timestamp without time zone), CAST('2022-09-25T01:00:31.417' AS timestamp without time zone), '', '', 0, 1),
(105, 4000, 4000, 79, 'test_fs_40', 'Administrador', CAST('2022-09-25T10:09:33.760' AS timestamp without time zone), CAST('2022-09-25T10:09:33.760' AS timestamp without time zone), '', '', 0, 1),
(106, 4010, 4010, 79, 'test_fs_40', 'Administrador', CAST('2022-09-25T10:09:33.763' AS timestamp without time zone), CAST('2022-09-25T10:09:33.763' AS timestamp without time zone), '', '', 0, 1),
(107, 4020, 4020, 79, 'test_fs_40', 'Administrador', CAST('2022-09-25T10:09:33.763' AS timestamp without time zone), CAST('2022-09-25T10:09:33.763' AS timestamp without time zone), '', '', 0, 1),
(108, 4030, 4030, 79, 'test_fs_40', 'Administrador', CAST('2022-09-25T10:09:33.767' AS timestamp without time zone), CAST('2022-09-25T10:09:33.767' AS timestamp without time zone), '', '', 0, 1),
(109, 4044, 4044, 79, 'test_fs_40', 'Administrador', CAST('2022-09-25T10:09:33.767' AS timestamp without time zone), CAST('2022-09-25T10:09:33.767' AS timestamp without time zone), '', '', 0, 1),
(110, 4050, 4050, 79, 'test_fs_40', 'Administrador', CAST('2022-09-25T10:09:33.770' AS timestamp without time zone), CAST('2022-09-25T10:09:33.770' AS timestamp without time zone), '', '', 0, 1),
(111, 4060, 4060, 79, 'test_fs_40', 'Administrador', CAST('2022-09-25T10:09:33.770' AS timestamp without time zone), CAST('2022-09-25T10:09:33.770' AS timestamp without time zone), '', '', 0, 1),
(112, 4072, 4072, 79, 'test_fs_40', 'Administrador', CAST('2022-09-25T10:09:33.773' AS timestamp without time zone), CAST('2022-09-25T10:09:33.773' AS timestamp without time zone), '', '', 0, 1),
(113, 5000, 5000, 79, 'test_fs_40', 'Administrador', CAST('2022-09-25T10:09:33.777' AS timestamp without time zone), CAST('2022-09-25T10:09:33.777' AS timestamp without time zone), '', '', 0, 1),
(114, 5041, 5041, 79, 'test_fs_40', 'Administrador', CAST('2022-09-25T10:09:33.777' AS timestamp without time zone), CAST('2022-09-25T10:09:33.777' AS timestamp without time zone), '', '', 0, 1),
(115, 5060, 5060, 79, 'test_fs_40', 'Administrador', CAST('2022-09-25T10:09:33.780' AS timestamp without time zone), CAST('2022-09-25T10:09:33.780' AS timestamp without time zone), '', '', 0, 1),
(116, 4000, 4000, 79, 'test_fs_40', 'Administrador', CAST('2022-09-25T10:29:48.577' AS timestamp without time zone), CAST('2022-09-25T10:29:48.577' AS timestamp without time zone), '', '', 0, 1),
(117, 4010, 4010, 79, 'test_fs_40', 'Administrador', CAST('2022-09-25T10:29:48.580' AS timestamp without time zone), CAST('2022-09-25T10:29:48.580' AS timestamp without time zone), '', '', 0, 1),
(118, 4020, 4020, 79, 'test_fs_40', 'Administrador', CAST('2022-09-25T10:29:48.580' AS timestamp without time zone), CAST('2022-09-25T10:29:48.580' AS timestamp without time zone), '', '', 0, 1),
(119, 4030, 4030, 79, 'test_fs_40', 'Administrador', CAST('2022-09-25T10:29:48.583' AS timestamp without time zone), CAST('2022-09-25T10:29:48.583' AS timestamp without time zone), '', '', 0, 1),
(120, 4044, 4044, 79, 'test_fs_40', 'Administrador', CAST('2022-09-25T10:29:48.583' AS timestamp without time zone), CAST('2022-09-25T10:29:48.583' AS timestamp without time zone), '', '', 0, 1),
(121, 4050, 4050, 79, 'test_fs_40', 'Administrador', CAST('2022-09-25T10:29:48.587' AS timestamp without time zone), CAST('2022-09-25T10:29:48.587' AS timestamp without time zone), '', '', 0, 1),
(122, 4060, 4060, 79, 'test_fs_40', 'Administrador', CAST('2022-09-25T10:29:48.587' AS timestamp without time zone), CAST('2022-09-25T10:29:48.587' AS timestamp without time zone), '', '', 0, 1),
(123, 4072, 4072, 79, 'test_fs_40', 'Administrador', CAST('2022-09-25T10:29:48.590' AS timestamp without time zone), CAST('2022-09-25T10:29:48.590' AS timestamp without time zone), '', '', 0, 1),
(124, 5000, 5000, 79, 'test_fs_40', 'Administrador', CAST('2022-09-25T10:29:48.590' AS timestamp without time zone), CAST('2022-09-25T10:29:48.590' AS timestamp without time zone), '', '', 0, 1),
(125, 5041, 5041, 79, 'test_fs_40', 'Administrador', CAST('2022-09-25T10:29:48.593' AS timestamp without time zone), CAST('2022-09-25T10:29:48.593' AS timestamp without time zone), '', '', 0, 1),
(126, 5060, 5060, 79, 'test_fs_40', 'Administrador', CAST('2022-09-25T10:29:48.597' AS timestamp without time zone), CAST('2022-09-25T10:29:48.597' AS timestamp without time zone), '', '', 0, 1),
(127, 4000, 4000, 79, 'test_fs_40', 'Administrador', CAST('2022-09-25T10:49:00.557' AS timestamp without time zone), CAST('2022-09-25T10:49:00.557' AS timestamp without time zone), '', '', 0, 1),
(128, 4010, 4010, 79, 'test_fs_40', 'Administrador', CAST('2022-09-25T10:49:00.560' AS timestamp without time zone), CAST('2022-09-25T10:49:00.560' AS timestamp without time zone), '', '', 0, 1),
(129, 4020, 4020, 79, 'test_fs_40', 'Administrador', CAST('2022-09-25T10:49:00.563' AS timestamp without time zone), CAST('2022-09-25T10:49:00.563' AS timestamp without time zone), '', '', 0, 1),
(130, 4030, 4030, 79, 'test_fs_40', 'Administrador', CAST('2022-09-25T10:49:00.563' AS timestamp without time zone), CAST('2022-09-25T10:49:00.563' AS timestamp without time zone), '', '', 0, 1),
(131, 4044, 4044, 79, 'test_fs_40', 'Administrador', CAST('2022-09-25T10:49:00.567' AS timestamp without time zone), CAST('2022-09-25T10:49:00.567' AS timestamp without time zone), '', '', 0, 1),
(132, 4050, 4050, 79, 'test_fs_40', 'Administrador', CAST('2022-09-25T10:49:00.570' AS timestamp without time zone), CAST('2022-09-25T10:49:00.570' AS timestamp without time zone), '', '', 0, 1),
(133, 4060, 4060, 79, 'test_fs_40', 'Administrador', CAST('2022-09-25T10:49:00.573' AS timestamp without time zone), CAST('2022-09-25T10:49:00.573' AS timestamp without time zone), '', '', 0, 1),
(134, 4072, 4072, 79, 'test_fs_40', 'Administrador', CAST('2022-09-25T10:49:00.573' AS timestamp without time zone), CAST('2022-09-25T10:49:00.573' AS timestamp without time zone), '', '', 0, 1),
(135, 5000, 5000, 79, 'test_fs_40', 'Administrador', CAST('2022-09-25T10:49:00.577' AS timestamp without time zone), CAST('2022-09-25T10:49:00.577' AS timestamp without time zone), '', '', 0, 1),
(136, 5041, 5041, 79, 'test_fs_40', 'Administrador', CAST('2022-09-25T10:49:00.580' AS timestamp without time zone), CAST('2022-09-25T10:49:00.580' AS timestamp without time zone), '', '', 0, 1),
(137, 5060, 5060, 79, 'test_fs_40', 'Administrador', CAST('2022-09-25T10:49:00.580' AS timestamp without time zone), CAST('2022-09-25T10:49:00.580' AS timestamp without time zone), '', '', 0, 1),
(138, 4000, 4000, 79, 'test_fs_40', 'Administrador', CAST('2022-09-25T13:25:00.773' AS timestamp without time zone), CAST('2022-09-25T13:25:00.773' AS timestamp without time zone), '', '', 0, 1),
(139, 4010, 4010, 79, 'test_fs_40', 'Administrador', CAST('2022-09-25T13:25:00.777' AS timestamp without time zone), CAST('2022-09-25T13:25:00.777' AS timestamp without time zone), '', '', 0, 1),
(140, 4020, 4020, 79, 'test_fs_40', 'Administrador', CAST('2022-09-25T13:25:00.780' AS timestamp without time zone), CAST('2022-09-25T13:25:00.780' AS timestamp without time zone), '', '', 0, 1),
(141, 4030, 4030, 79, 'test_fs_40', 'Administrador', CAST('2022-09-25T13:25:00.783' AS timestamp without time zone), CAST('2022-09-25T13:25:00.783' AS timestamp without time zone), '', '', 0, 1),
(142, 4044, 4044, 79, 'test_fs_40', 'Administrador', CAST('2022-09-25T13:25:00.783' AS timestamp without time zone), CAST('2022-09-25T13:25:00.783' AS timestamp without time zone), '', '', 0, 1),
(143, 4050, 4050, 79, 'test_fs_40', 'Administrador', CAST('2022-09-25T13:25:00.787' AS timestamp without time zone), CAST('2022-09-25T13:25:00.787' AS timestamp without time zone), '', '', 0, 1),
(144, 4060, 4060, 79, 'test_fs_40', 'Administrador', CAST('2022-09-25T13:25:00.790' AS timestamp without time zone), CAST('2022-09-25T13:25:00.790' AS timestamp without time zone), '', '', 0, 1),
(145, 4072, 4072, 79, 'test_fs_40', 'Administrador', CAST('2022-09-25T13:25:00.790' AS timestamp without time zone), CAST('2022-09-25T13:25:00.790' AS timestamp without time zone), '', '', 0, 1),
(146, 5000, 5000, 79, 'test_fs_40', 'Administrador', CAST('2022-09-25T13:25:00.793' AS timestamp without time zone), CAST('2022-09-25T13:25:00.793' AS timestamp without time zone), '', '', 0, 1),
(147, 5041, 5041, 79, 'test_fs_40', 'Administrador', CAST('2022-09-25T13:25:00.793' AS timestamp without time zone), CAST('2022-09-25T13:25:00.793' AS timestamp without time zone), '', '', 0, 1),
(148, 5060, 5060, 79, 'test_fs_40', 'Administrador', CAST('2022-09-25T13:25:00.797' AS timestamp without time zone), CAST('2022-09-25T13:25:00.797' AS timestamp without time zone), '', '', 0, 1),
(149, 4000, 4000, 79, 'test_fs_40', 'Administrador', CAST('2022-09-25T14:57:16.953' AS timestamp without time zone), CAST('2022-09-25T14:57:16.953' AS timestamp without time zone), '', '', 0, 1),
(150, 4010, 4010, 79, 'test_fs_40', 'Administrador', CAST('2022-09-25T14:57:16.987' AS timestamp without time zone), CAST('2022-09-25T14:57:16.987' AS timestamp without time zone), '', '', 0, 1),
(151, 4020, 4020, 79, 'test_fs_40', 'Administrador', CAST('2022-09-25T14:57:16.990' AS timestamp without time zone), CAST('2022-09-25T14:57:16.990' AS timestamp without time zone), '', '', 0, 1),
(152, 4030, 4030, 79, 'test_fs_40', 'Administrador', CAST('2022-09-25T14:57:16.990' AS timestamp without time zone), CAST('2022-09-25T14:57:16.990' AS timestamp without time zone), '', '', 0, 1),
(153, 4044, 4044, 79, 'test_fs_40', 'Administrador', CAST('2022-09-25T14:57:16.993' AS timestamp without time zone), CAST('2022-09-25T14:57:16.993' AS timestamp without time zone), '', '', 0, 1),
(154, 4050, 4050, 79, 'test_fs_40', 'Administrador', CAST('2022-09-25T14:57:16.997' AS timestamp without time zone), CAST('2022-09-25T14:57:16.997' AS timestamp without time zone), '', '', 0, 1),
(155, 4060, 4060, 79, 'test_fs_40', 'Administrador', CAST('2022-09-25T14:57:17.000' AS timestamp without time zone), CAST('2022-09-25T14:57:17.000' AS timestamp without time zone), '', '', 0, 1),
(156, 4072, 4072, 79, 'test_fs_40', 'Administrador', CAST('2022-09-25T14:57:17.003' AS timestamp without time zone), CAST('2022-09-25T14:57:17.003' AS timestamp without time zone), '', '', 0, 1),
(157, 5000, 5000, 79, 'test_fs_40', 'Administrador', CAST('2022-09-25T14:57:17.007' AS timestamp without time zone), CAST('2022-09-25T14:57:17.007' AS timestamp without time zone), '', '', 0, 1),
(158, 5041, 5041, 79, 'test_fs_40', 'Administrador', CAST('2022-09-25T14:57:17.007' AS timestamp without time zone), CAST('2022-09-25T14:57:17.007' AS timestamp without time zone), '', '', 0, 1),
(159, 5060, 5060, 79, 'test_fs_40', 'Administrador', CAST('2022-09-25T14:57:17.010' AS timestamp without time zone), CAST('2022-09-25T14:57:17.010' AS timestamp without time zone), '', '', 0, 1);

INSERT INTO ItemBox (ID, AccountName, ItemCode, Item, ItemSpec, CoinShop, HasItem, DateReceived) OVERRIDING SYSTEM VALUE VALUES
(1, 'test_fs_40', 'BI113', NULL, 0, 1, NULL, CAST('2022-09-25T10:16:48.953' AS timestamp without time zone));

INSERT INTO TitleDef (TitleID, TitleCategory, SubCategory, Title, TitleRarity) OVERRIDING SYSTEM VALUE VALUES
(1, 'Seasonal', NULL, 'S1 Participant', 2),
(2, 'Seasonal', NULL, 'S1 Contender', 3),
(3, 'Seasonal', NULL, 'S1 Legend', 4),
(4, 'Seasonal', NULL, 'S1 Queen Archer', 5),
(5, 'Seasonal', NULL, 'S1 King Fighter', 5),
(6, 'Seasonal', NULL, 'S1 King Mech', 5),
(7, 'Seasonal', NULL, 'S1 King Pikeman', 5),
(8, 'Seasonal', NULL, 'S1 King Magician', 5),
(9, 'Seasonal', NULL, 'S1 Queen Priestess', 5),
(10, 'Seasonal', NULL, 'S1 Queen Atalanta', 5),
(11, 'Seasonal', NULL, 'S1 King Knight', 5),
(12, 'Seasonal', NULL, 'S1 King Shaman', 5),
(13, 'Seasonal', NULL, 'S1 Queen Assassin', 5),
(14, 'Seasonal', NULL, 'S1 Top Player', 6),
(50, 'WantedMoriph', NULL, 'Moriph Hunter', 1),
(51, 'WantedMoriph', NULL, 'Moriph Enforcer', 2),
(52, 'WantedMoriph', NULL, 'Moriph Slayer', 3),
(53, 'WantedMoriph', NULL, 'Moriph Destroyer', 4),
(54, 'WantedMoriph', NULL, 'Moriph Executioner', 5),
(55, 'WantedMoriph', NULL, 'Champion Of Moriph', 4),
(56, 'WantedMoriph', NULL, 'Master Of Moriph', 5),
(100, 'Custom', NULL, 'The Ban Hammer', 6),
(101, 'Custom', NULL, 'Destroyer of Metas', 5),
(102, 'Custom', NULL, 'Now You See Me', 5);

INSERT INTO UserInfo (ID, AccountName, Password, RegisDay, Flag, Active, ActiveCode, Coins, Email, GameMasterType, GameMasterLevel, GameMasterMacAddress, CoinsTraded, BanStatus, UnbanDate, IsMuted, MuteCount, UnmuteDate) OVERRIDING SYSTEM VALUE VALUES
(1, 'test_fs_20', 'AE32E4CAE4B63FFCA2755347EE618197F1D09C0E5CDEDDC6D96A944044A68A9D', 'Set 24 2022  6:42PM', 114, 1, '0', 1500, 'test@invalid.email.com', 1, 4, '0', 0, 0, NULL, 0, 0, NULL),
(2, 'test_fs_40', '4D4729ED9594D2739C7F22591861EAEE0A7C3D72DC63E6B5D626DDF2641A1B7D', 'Set 24 2022  6:42PM', 114, 1, '0', 675, 'test@invalid.email.com', 1, 4, '0', 0, 0, NULL, 0, 0, NULL),
(3, 'test_fs_60', '649DEFB0502BEDC2A1FC0132E035CB1DB2A2550208DC9C6BD2DC276230D5465B', 'Set 24 2022  6:42PM', 114, 1, '0', 1500, 'test@invalid.email.com', 1, 4, '0', 0, 0, NULL, 0, 0, NULL),
(4, 'test_fs_80', '55DA521CC9376D09E5BF276F29D8CB8837E59060CDB191BA10C44B5586BD1BCA', 'Set 24 2022  6:42PM', 114, 1, '0', 1500, 'test@invalid.email.com', 1, 4, '0', 0, 0, NULL, 0, 0, NULL),
(5, 'test_fs_90', '589351CAE51294EED29C092505910FC575773605A669F88A5D82DBCF4A0012F8', 'Set 24 2022  6:42PM', 114, 1, '0', 1500, 'test@invalid.email.com', 1, 4, '0', 0, 0, NULL, 0, 0, NULL),
(6, 'test_fs_100', '08CDEEC612FDD84F52E4DDCD5F081E0250E1B40CA6CF5475E698BD301F7AFEE4', 'Set 24 2022  6:42PM', 114, 1, '0', 1500, 'test@invalid.email.com', 1, 4, '0', 0, 0, NULL, 0, 0, NULL),
(7, 'test_fs_108', 'A90FAB9FB59D51BE69CD54A29695152C51E738BEBFBEFD01C2DE0DC32EC563CF', 'Set 24 2022  6:42PM', 114, 1, '0', 1500, 'test@invalid.email.com', 1, 4, '0', 0, 0, NULL, 0, 0, NULL),
(8, 'test_as_20', 'C4E00E050780934A05B292C8BCC3D174E91984D361F3153E205A7C42D28915AA', 'Set 24 2022  6:42PM', 114, 1, '0', 1500, 'test@invalid.email.com', 1, 4, '0', 0, 0, NULL, 0, 0, NULL),
(9, 'test_as_40', 'A03A1FC88EBFCDEAC374D7EC2476BBFB7A5AA69D90D87882F1D2D2DC2ADEF4C1', 'Set 24 2022  6:42PM', 114, 1, '0', 1500, 'test@invalid.email.com', 1, 4, '0', 0, 0, NULL, 0, 0, NULL),
(10, 'test_as_60', 'E6C73057BD9593FF557AFD33B8CF8CC7A7A5810B21EDB838A202176559C53989', 'Set 24 2022  6:42PM', 114, 1, '0', 1500, 'test@invalid.email.com', 1, 4, '0', 0, 0, NULL, 0, 0, NULL),
(11, 'test_as_80', 'C893B7F7D377DB6E9BB7783C059A89D0144878CE7FFA871D83D30AF557A2FCF2', 'Set 24 2022  6:42PM', 114, 1, '0', 1500, 'test@invalid.email.com', 1, 4, '0', 0, 0, NULL, 0, 0, NULL),
(12, 'test_as_90', '7790AFA10C4D10AC42EC5C37900422C9A8E105D199529151400D8D9D77DDBA00', 'Set 24 2022  6:42PM', 114, 1, '0', 1500, 'test@invalid.email.com', 1, 4, '0', 0, 0, NULL, 0, 0, NULL),
(13, 'test_as_100', '5B7C1B76B785F822BAB9F0B15C2C52BE35F39A4DC78127C11CD48E1AFB36C3CE', 'Set 24 2022  6:42PM', 114, 1, '0', 1500, 'test@invalid.email.com', 1, 4, '0', 0, 0, NULL, 0, 0, NULL),
(14, 'test_as_108', '487693FCB63656267C86519235768C3D810389846B0D058A15C823A8C7CF0E46', 'Set 24 2022  6:42PM', 114, 1, '0', 1500, 'test@invalid.email.com', 1, 4, '0', 0, 0, NULL, 0, 0, NULL),
(15, 'test_ms_20', '3F29DBAEE5CBC7BB0B570B20DE76F62D634FC77059E69260000AF0B0936C4500', 'Set 24 2022  6:42PM', 114, 1, '0', 1500, 'test@invalid.email.com', 1, 4, '0', 0, 0, NULL, 0, 0, NULL),
(16, 'test_ms_40', '911D64C1F482EB17B0C462A2FE8A1E5F826D173730A16992E37B92A6F35C94D3', 'Set 24 2022  6:42PM', 114, 1, '0', 1500, 'test@invalid.email.com', 1, 4, '0', 0, 0, NULL, 0, 0, NULL),
(17, 'test_ms_60', 'C717AA69D673D2415E0666B0CAEDC9A641479FC46341C7832C080C1D52A30170', 'Set 24 2022  6:42PM', 114, 1, '0', 1500, 'test@invalid.email.com', 1, 4, '0', 0, 0, NULL, 0, 0, NULL),
(18, 'test_ms_80', '44601C7547DE4C788F9F600B3797CB1CCF23FD3B3D42780A0C74997640D794F2', 'Set 24 2022  6:42PM', 114, 1, '0', 1500, 'test@invalid.email.com', 1, 4, '0', 0, 0, NULL, 0, 0, NULL),
(19, 'test_ms_90', '2C0C8F796B654F8928C5240AB0C8D80973A33CCC0A9D194BC0F570844F9EBB36', 'Set 24 2022  6:42PM', 114, 1, '0', 1500, 'test@invalid.email.com', 1, 4, '0', 0, 0, NULL, 0, 0, NULL),
(20, 'test_ms_100', '484811829A25E86FCD06C7B7AF190E70543EF11843301C2FA78B0DF4C6B2C2EC', 'Set 24 2022  6:42PM', 114, 1, '0', 1500, 'test@invalid.email.com', 1, 4, '0', 0, 0, NULL, 0, 0, NULL),
(21, 'test_ms_108', 'DBDBFEC287F5B7A85CCFF4FBEE196C9D1B5D8AAEE56CE76F163365525D115E02', 'Set 24 2022  6:42PM', 114, 1, '0', 1500, 'test@invalid.email.com', 1, 4, '0', 0, 0, NULL, 0, 0, NULL),
(22, 'test_msauto_20', '2C0F4E896C140B2918F9ACA8B8DAD36D50B1F02C05CBFD16B616B66A094F67E9', 'Set 24 2022  6:42PM', 114, 1, '0', 1500, 'test@invalid.email.com', 1, 4, '0', 0, 0, NULL, 0, 0, NULL),
(23, 'test_msauto_40', 'A426C3B2664BBE08B168460CA00A9EE7D019EDF254BA001CB2754DF0E66218DC', 'Set 24 2022  6:42PM', 114, 1, '0', 1500, 'test@invalid.email.com', 1, 4, '0', 0, 0, NULL, 0, 0, NULL),
(24, 'test_msauto_60', 'F73BAD9433E35B49E68675C7F4AC0064E0158EA048690749B7CB3BA7C9F848AD', 'Set 24 2022  6:42PM', 114, 1, '0', 1500, 'test@invalid.email.com', 1, 4, '0', 0, 0, NULL, 0, 0, NULL),
(25, 'test_msauto_80', '4C995B4B1E4EE4437D7CDA0FDEEC3557D43E16ABA87D0EBDF0DFF48803154A7D', 'Set 24 2022  6:42PM', 114, 1, '0', 1500, 'test@invalid.email.com', 1, 4, '0', 0, 0, NULL, 0, 0, NULL),
(26, 'test_msauto_90', 'C1383AD18A42163F9D884ADEB41E1362020B6F8B5BBE6188C099C7E078FFCA6B', 'Set 24 2022  6:42PM', 114, 1, '0', 1500, 'test@invalid.email.com', 1, 4, '0', 0, 0, NULL, 0, 0, NULL),
(27, 'test_msauto_100', '9A85DF83723AFC7EC4C692EA085D2331351421028126DEB4C15150FA2B180AF3', 'Set 24 2022  6:42PM', 114, 1, '0', 1500, 'test@invalid.email.com', 1, 4, '0', 0, 0, NULL, 0, 0, NULL),
(28, 'test_msauto_108', '15888EACCB16CC117096CFD764155A35E723FA17E130D787557277CDE3048E77', 'Set 24 2022  6:42PM', 114, 1, '0', 1500, 'test@invalid.email.com', 1, 4, '0', 0, 0, NULL, 0, 0, NULL),
(29, 'test_ps_20', '4C723EADDA9F305EC323F4900854815EFB9FC44389ADCF351C8B126C7ED082C0', 'Set 24 2022  6:42PM', 114, 1, '0', 1500, 'test@invalid.email.com', 1, 4, '0', 0, 0, NULL, 0, 0, NULL),
(30, 'test_ps_40', '9919B60F811207DFCCAC6534921A67B3C93BE081E62DEC8BC58ADB7E007C6EB1', 'Set 24 2022  6:42PM', 114, 1, '0', 1500, 'test@invalid.email.com', 1, 4, '0', 0, 0, NULL, 0, 0, NULL),
(31, 'test_ps_60', '4A7E88D4A6758A47E2142C2B1E03CD4D94F0270544620EA92C177601BFB7F759', 'Set 24 2022  6:42PM', 114, 1, '0', 1500, 'test@invalid.email.com', 1, 4, '0', 0, 0, NULL, 0, 0, NULL),
(32, 'test_ps_80', 'E8C285AE5D1B69F6152F34C9AB11EA412BBB98BCB75C3ADD934978BC3A3C6E81', 'Set 24 2022  6:42PM', 114, 1, '0', 1500, 'test@invalid.email.com', 1, 4, '0', 0, 0, NULL, 0, 0, NULL),
(33, 'test_ps_90', 'ED2CC00A9D9163A4D6F077A180B5243512EE733C4739C9ABEF2973D3CBF02F6D', 'Set 24 2022  6:42PM', 114, 1, '0', 1500, 'test@invalid.email.com', 1, 4, '0', 0, 0, NULL, 0, 0, NULL),
(34, 'test_ps_100', '5B33082EB2C928C92BEEA19E789CD6A3E4C78F7C3D26FF4AEC60B02A88E319E2', 'Set 24 2022  6:42PM', 114, 1, '0', 1500, 'test@invalid.email.com', 1, 4, '0', 0, 0, NULL, 0, 0, NULL),
(35, 'test_ps_108', 'C13743F22F33749FC119398DD47F9AB4D5F0B8DCAF70FA84D7DB27C3DFAAC9AF', 'Set 24 2022  6:42PM', 114, 1, '0', 1500, 'test@invalid.email.com', 1, 4, '0', 0, 0, NULL, 0, 0, NULL),
(36, 'test_ass_20', '55C691C43F3918ACE9D522ABC00F646521F7532594D06F730F9722908681AAA7', 'Set 24 2022  6:42PM', 114, 1, '0', 1500, 'test@invalid.email.com', 1, 4, '0', 0, 0, NULL, 0, 0, NULL),
(37, 'test_ass_40', '511653CF5E4CE0C0C324C725D6FE019651B46B4DFECB8B29F6E82718814BB4E7', 'Set 24 2022  6:42PM', 114, 1, '0', 1500, 'test@invalid.email.com', 1, 4, '0', 0, 0, NULL, 0, 0, NULL),
(38, 'test_ass_60', 'FB9B4F3A837065B2D61C0596D1458EBF747884EE2718821CE3B9C94759B66290', 'Set 24 2022  6:42PM', 114, 1, '0', 1500, 'test@invalid.email.com', 1, 4, '0', 0, 0, NULL, 0, 0, NULL),
(39, 'test_ass_80', '040A1AD28351A0A4D0981D0B6DAEED70BC23226940444A1090A1CD0503631B51', 'Set 24 2022  6:42PM', 114, 1, '0', 1500, 'test@invalid.email.com', 1, 4, '0', 0, 0, NULL, 0, 0, NULL),
(40, 'test_ass_90', '6233D401B7BE21557F1F842E915C6BA619658FE81658D79D6DCFD55D5553DC90', 'Set 24 2022  6:42PM', 114, 1, '0', 1500, 'test@invalid.email.com', 1, 4, '0', 0, 0, NULL, 0, 0, NULL),
(41, 'test_ass_100', '0B81A7FE2AB0EF3AAE0D8F34CB339238412135AECA6A20CE9E459ADCA0EB2E96', 'Set 24 2022  6:42PM', 114, 1, '0', 1500, 'test@invalid.email.com', 1, 4, '0', 0, 0, NULL, 0, 0, NULL),
(42, 'test_ass_108', 'D3C12A25288818AF0B8D4C0C9195EA26D66F11518258215741430CF623D85CDF', 'Set 24 2022  6:42PM', 114, 1, '0', 1500, 'test@invalid.email.com', 1, 4, '0', 0, 0, NULL, 0, 0, NULL),
(43, 'test_ks_20', 'C22AA4CCDD5433C29AE036A010062CE07DF303A857A02554A081FF76FD601090', 'Set 24 2022  6:42PM', 114, 1, '0', 1500, 'test@invalid.email.com', 1, 4, '0', 0, 0, NULL, 0, 0, NULL),
(44, 'test_ks_40', 'ADB311EE408F3CDF62C0CD2FF0E30FF29ABB5E627F5D73C26C67CC9C55D26B6D', 'Set 24 2022  6:42PM', 114, 1, '0', 1500, 'test@invalid.email.com', 1, 4, '0', 0, 0, NULL, 0, 0, NULL),
(45, 'test_ks_60', '5B64DE4EC5E90FB760D3E681FF3D01AB8FDCE81A80171A9A5910AD44B8987B85', 'Set 24 2022  6:42PM', 114, 1, '0', 1500, 'test@invalid.email.com', 1, 4, '0', 0, 0, NULL, 0, 0, NULL),
(46, 'test_ks_80', '15A5AFAFB631C71C4D09705723BE8E5518DC6C7E062C24A79672EB31C5A6D3A8', 'Set 24 2022  6:42PM', 114, 1, '0', 1500, 'test@invalid.email.com', 1, 4, '0', 0, 0, NULL, 0, 0, NULL),
(47, 'test_ks_90', 'DC6F6AE87703BEC7D5F2FE6D66F6744A9F2CE5E94A50E4765559B07560543D28', 'Set 24 2022  6:42PM', 114, 1, '0', 1500, 'test@invalid.email.com', 1, 4, '0', 0, 0, NULL, 0, 0, NULL),
(48, 'test_ks_100', 'FD8F6D4D9BE9AA2FFE8805BC7FDEFA7F284BAC031B1F0A746A2048ED012F2275', 'Set 24 2022  6:42PM', 114, 1, '0', 1500, 'test@invalid.email.com', 1, 4, '0', 0, 0, NULL, 0, 0, NULL),
(49, 'test_ks_108', '0814E49FC33D489A1A9C3DEE5308C1C51D28F55477BC0979FB94F9C1B8B05FC5', 'Set 24 2022  6:42PM', 114, 1, '0', 1500, 'test@invalid.email.com', 1, 4, '0', 0, 0, NULL, 0, 0, NULL),
(50, 'test_ata_20', 'CA4B8A225C7A6551825F8ED14FBDD57736AEF2008D42E84F128654621B0B570F', 'Set 24 2022  6:42PM', 114, 1, '0', 1500, 'test@invalid.email.com', 1, 4, '0', 0, 0, NULL, 0, 0, NULL),
(51, 'test_ata_40', '1B50B1B7229415D7C295949E749A620159B7C435B6EE950CCD703EC3070384DF', 'Set 24 2022  6:42PM', 114, 1, '0', 1500, 'test@invalid.email.com', 1, 4, '0', 0, 0, NULL, 0, 0, NULL),
(52, 'test_ata_60', '815306AC903197D23547EC9C9B18A4F878C780C172316761870D8E82EC66EE45', 'Set 24 2022  6:42PM', 114, 1, '0', 1500, 'test@invalid.email.com', 1, 4, '0', 0, 0, NULL, 0, 0, NULL),
(53, 'test_ata_80', '123F742FB0887808104822FC2CC80559FB66030D4EE9B67FDF26E0106CB789CC', 'Set 24 2022  6:42PM', 114, 1, '0', 1500, 'test@invalid.email.com', 1, 4, '0', 0, 0, NULL, 0, 0, NULL),
(54, 'test_ata_90', 'FC27923F38463F1B424DA71ADF6B3082AE4CA73EAFE28F046DC82EC5941E4742', 'Set 24 2022  6:42PM', 114, 1, '0', 1500, 'test@invalid.email.com', 1, 4, '0', 0, 0, NULL, 0, 0, NULL),
(55, 'test_ata_100', '8E2E1C7C90D357401E820A3C9D05FDEFD4EF7BE54D208229059E3CA2C74761A5', 'Set 24 2022  6:42PM', 114, 1, '0', 1500, 'test@invalid.email.com', 1, 4, '0', 0, 0, NULL, 0, 0, NULL),
(56, 'test_ata_108', 'BFDA5DC2A7C56D72E3893D77893890149FCC0F52742338791DB21A30DB7978A3', 'Set 24 2022  6:42PM', 114, 1, '0', 1500, 'test@invalid.email.com', 1, 4, '0', 0, 0, NULL, 0, 0, NULL),
(57, 'test_prs_20', '443ACD7A54FCA1C034A5DEF70EB8853F0EA75C725E9971B64434740EC2F7BAF4', 'Set 24 2022  6:42PM', 114, 1, '0', 1500, 'test@invalid.email.com', 1, 4, '0', 0, 0, NULL, 0, 0, NULL),
(58, 'test_prs_40', 'CA3A51FCB3891270557765736F1E64BA97ADC992439E5145BE207A218C104014', 'Set 24 2022  6:42PM', 114, 1, '0', 1500, 'test@invalid.email.com', 1, 4, '0', 0, 0, NULL, 0, 0, NULL),
(59, 'test_prs_60', '996CCA106E078DC5844C5F046DF11A60A8B0AB063A529E8308020FEC5C95A1C8', 'Set 24 2022  6:42PM', 114, 1, '0', 1500, 'test@invalid.email.com', 1, 4, '0', 0, 0, NULL, 0, 0, NULL),
(60, 'test_prs_80', 'D0FE2802A233E4100FE4FE44E81D99A7ECCFD64ECA0FE1E7A79E0A9547E58E1F', 'Set 24 2022  6:42PM', 114, 1, '0', 1500, 'test@invalid.email.com', 1, 4, '0', 0, 0, NULL, 0, 0, NULL),
(61, 'test_prs_90', '1A3B5039F16A047626860E741DD3D59511447FF6D21C41F4356B258BAC36AA5C', 'Set 24 2022  6:42PM', 114, 1, '0', 1500, 'test@invalid.email.com', 1, 4, '0', 0, 0, NULL, 0, 0, NULL),
(62, 'test_prs_100', 'A18CC9715B678CE838172315CD00E3694A1B126A8863F53B6588EF4192B61C9D', 'Set 24 2022  6:42PM', 114, 1, '0', 1500, 'test@invalid.email.com', 1, 4, '0', 0, 0, NULL, 0, 0, NULL),
(63, 'test_prs_108', 'C76C6CBE1513385814238D74C2AE0A768C630DE6999F2D6D098C2EA45ECE68A9', 'Set 24 2022  6:42PM', 114, 1, '0', 1500, 'test@invalid.email.com', 1, 4, '0', 0, 0, NULL, 0, 0, NULL),
(64, 'test_mgs_20', 'A17CB41D134FDA98327832265C352EC8231FD726D23F043B323AB29C6DEB7B4B', 'Set 24 2022  6:42PM', 114, 1, '0', 1500, 'test@invalid.email.com', 1, 4, '0', 0, 0, NULL, 0, 0, NULL),
(65, 'test_mgs_40', 'E5B9E8764F63944C260BF52A305D924467F70C387E416EB20351DC36B26305B3', 'Set 24 2022  6:42PM', 114, 1, '0', 1500, 'test@invalid.email.com', 1, 4, '0', 0, 0, NULL, 0, 0, NULL),
(66, 'test_mgs_60', '28A2BB9E28D465001DB3CCAAE9B1188D548DD2933C4D197CB02FE6D5A86A2407', 'Set 24 2022  6:42PM', 114, 1, '0', 1500, 'test@invalid.email.com', 1, 4, '0', 0, 0, NULL, 0, 0, NULL),
(67, 'test_mgs_80', 'AAE5981DC16C5B45EEDFF704C17B4F1DDF7D78A32606FFEA3A9156496B0C82E2', 'Set 24 2022  6:42PM', 114, 1, '0', 1500, 'test@invalid.email.com', 1, 4, '0', 0, 0, NULL, 0, 0, NULL),
(68, 'test_mgs_90', 'CCCB120F9A3F54A573C3BBDA683EB18395901D29922B34729EB800A36172D1D4', 'Set 24 2022  6:42PM', 114, 1, '0', 1500, 'test@invalid.email.com', 1, 4, '0', 0, 0, NULL, 0, 0, NULL),
(69, 'test_mgs_100', '557D3F0E7315936106E7919DFF3665B4740E6CCCE6448D898C938FFB7C0AC6DF', 'Set 24 2022  6:42PM', 114, 1, '0', 1500, 'test@invalid.email.com', 1, 4, '0', 0, 0, NULL, 0, 0, NULL),
(70, 'test_mgs_108', '6EC957ED346F6C9F1C0247DDC20EA8553E187C946AD4AC3055D395CF57AC49F0', 'Set 24 2022  6:42PM', 114, 1, '0', 1500, 'test@invalid.email.com', 1, 4, '0', 0, 0, NULL, 0, 0, NULL),
(71, 'test_sha_20', '01E7D2D3995048CA5098E780B18176CA3618E46C07299DBD8AE287D3E417B873', 'Set 24 2022  6:42PM', 114, 1, '0', 1500, 'test@invalid.email.com', 1, 4, '0', 0, 0, NULL, 0, 0, NULL),
(72, 'test_sha_40', '26C83D4770E8DC732A05760831693047E54F7E68A0ECA15B07369CC9704FB21B', 'Set 24 2022  6:42PM', 114, 1, '0', 1500, 'test@invalid.email.com', 1, 4, '0', 0, 0, NULL, 0, 0, NULL),
(73, 'test_sha_60', '2966EB9DDDE7C498DC9870D8BAF02DA17F6A3C728B652569F86AB2A22CDCB2E0', 'Set 24 2022  6:42PM', 114, 1, '0', 1500, 'test@invalid.email.com', 1, 4, '0', 0, 0, NULL, 0, 0, NULL),
(74, 'test_sha_80', 'B9EB311591B84464880B0013EF3EA6CBA0A6A5584CDF6EB197E8D94891E604B8', 'Set 24 2022  6:42PM', 114, 1, '0', 1500, 'test@invalid.email.com', 1, 4, '0', 0, 0, NULL, 0, 0, NULL),
(75, 'test_sha_90', '0B6FC4C6515CCE6134BBE96D157AD573191447E06488CA16FA806B2A41AD690E', 'Set 24 2022  6:42PM', 114, 1, '0', 1500, 'test@invalid.email.com', 1, 4, '0', 0, 0, NULL, 0, 0, NULL),
(76, 'test_sha_100', 'F1C90FB88001BBD35017FE3BA2AF07F524DD9C61AB4FE7225719DD1E3BA8D2C1', 'Set 24 2022  6:42PM', 114, 1, '0', 1500, 'test@invalid.email.com', 1, 4, '0', 0, 0, NULL, 0, 0, NULL),
(77, 'test_sha_108', '33D7D2F1D1B9184EEFDB7C10F88D44C4D5E7A506269F3C6491644DA328AD274B', 'Set 24 2022  6:42PM', 114, 1, '0', 1500, 'test@invalid.email.com', 1, 4, '0', 0, 0, NULL, 0, 0, NULL);
